Old URL,New URL,Redirect Type
/what-is-content-marketing/,/real-estate-content-writing-uae/,301
/increase-your-facebook-views/,/youtube-studio-for-more-views/,301
/ai-avatars-for-branding/,/insights/,301
/it-modernization-in-business/,/ai-trend/,301
/ai-in-lead-generation/,/google-ads-agency-dubai/,301
/seo-strategies-for-saas-websites/,/b2b-seo-services-in-dubai/,301
/ai-marketing-agency/,/ai-trend/,301
/audience-engagement-strategies/,/social-media-packages-for-smes/,301
/benefits-of-an-seo-agency/,/seo-services-dubai/,301
/benefits-of-working-with-an-seo-agency/,/seo-services-dubai/,301
/bring-lost-traffic-with-ppc-remarketing/,/ppc-advertising-company-dubai/,301
/building-quality-sustainable/,/about-us/,301
/business-consultation/,/about-us/,301
/business-growth-strategies/,/seo-strategy-for-uae-startups/,301
/business-resilience-tips/,/insights/,301
/buying-intent-in-digital-marketing/,/ppc-advertising-company-dubai/,301
/category/all/,/insights/,301
/category/branding-identity/,/healthcare-marketing-agency-in-dubai/,301
/category/digital-media/,/digital-marketing-services/,301
/category/industry-trends/,/ai-trend/,301
/category/media-insights/,/insights/,301
/category/outdoor-media/,/outdoor-advertising-dubai/,301
/cohesive-social-media-marketing-strategy/,/social-media-packages-for-smes/,301
/digital-marketing-for-ecommerce-businesses/,/marketing-for-ecommerce-businesses/,301
/digital-marketing-solutions/,/digital-marketing-services/,301
/effective-social-media-campaign/,/guide-to-effective-social-media-campaign/,301
/how-seos-use-ai/,/local-seo-services-in-abu-dhabi/,301
/how-to-use-youtube-studio/,/youtube-studio-for-more-views/,301
/lead-generation/,/google-ads-agency-dubai/,301
/locations/,/contact-us/,301
/market-research-strategy/,/seo-strategy-for-uae-startups/,301
/marketing-agency-in-dubai/,/,301
/mobile-app-design/,/digital-marketing-services/,301
/mobile-app-development-dubai/,/digital-marketing-services/,301
/our-careers/,/about-us/,301
/our-team/,/about-us/,301
/outdoor-digital-signage-advertising/,/outdoor-advertising-dubai/,301
/ppc-marketing/,/ppc-for-ecommerce-dubai/,301
/rebranding-your-business/,/insights/,301
/seo-for-brand-awareness/,/seo-services-dubai/,301
/seo-services/,/seo-services-dubai/,301
/service/,/digital-marketing-services/,301
/service/android-app-development-dubai/,/digital-marketing-services/,301
/service/ecommerce-marketing-dubai/,/ecommerce-website-development-dubai/,301
/service/event-management-dubai/,/digital-marketing-services/,301
/service/geotargetting/,/digital-marketing-services/,301
/service/ios-app-development-dubai/,/digital-marketing-services/,301
/service/lead-generation-dubai/,/ppc-advertising-company-dubai/,301
/service/ui-ux-design/,/web-design-company-dubai/,301
/social-media-marketing/,/social-media-marketing-agency-in-dubai/,301
/web-showcase/,/web-design-company-dubai/,301
/website-design/,/web-design-company-dubai/,301
/work/,/about-us/,301
/415.shtml,/,301
/services/paid-advertising-media-buying,/ppc-advertising-company-dubai/,301
/services/email-sms-crm-marketing,/email-sms-crm-marketing/,301
/insights/page/2,/insights?page=2,301
/cgi-bin,/,301
/home,/,301
/service/mobile-app-development-dubai,/digital-marketing-services/,301
/author/admint/page/2,/digital-marketing-services/,301
/successfully-rebrand-your-business/feed,/successfully-rebrand-your-business/,301
/how-to-keep-your-audience-engaged-in-a-distracted-world,/how-to-keep-your-audience-engaged/,301
/ar/structured-data-for-enhanced-seo-performance,/structured-data-for-enhanced-seo-performance/,301
/services,/digital-marketing-services/,301
/thank-you-page,/thank-you/,301
/project/healthcare-marketing,/digital-marketing-services/,301
/tag/marketing,/digital-marketing-services/,301
/tag/development,/digital-marketing-services/,301
/ar/digital-marketing-services,/digital-marketing-services/,301
/ar/brand-lift-tests,/digital-marketing-services/,301
/services/creative-branding,/digital-marketing-services/,301
/&,/digital-marketing-services/,301
/structured-data-for-enhanced-seo-performance/feed,/digital-marketing-services/,301
/tag/design,/digital-marketing-services/,301
/marketing,/digital-marketing-services/,301
/$,/digital-marketing-services/,301
/social-media-marketing-,/digital-marketing-services/,301
/ppc-advertising,/digital-marketing-services/,301
/service/seo-services-dubai,/digital-marketing-services/,301
/new-home-page,/digital-marketing-services/,301
/seo,/digital-marketing-services/,301
/blogs,/digital-marketing-services/,301
/ar/contact-us,/digital-marketing-services/,301
/ar/outdoor-advertising-dubai,/digital-marketing-services/,301
/2024/10,/digital-marketing-services/,301
/ar/about-us,/digital-marketing-services/,301
/author/law,/digital-marketing-services/,301
/author/admint,/digital-marketing-services/,301
/outdoor-advertising,/digital-marketing-services/,301
/wp-content/themes/arolax/:path*,/digital-marketing-services/,301
/wp-content/plugins/:path*,/digital-marketing-services/,301
/wp-content/uploads/:path*,/digital-marketing-services/,301
/wp-admin/:path*,/digital-marketing-services/,301
/wp-:path*.php,/digital-marketing-services/,301
/wp-content/:path*,/digital-marketing-services/,301
/hometest,/digital-marketing-services/,301
/%5E.%7B8,%7D$,/digital-marketing-services/,301
/team/lawrence-peter,/digital-marketing-services/,301
/wp-json/elementskit/v1,/digital-marketing-services/,301
/team-details-dark,/digital-marketing-services/,301
/about-us-01-2,/digital-marketing-services/,301
